{
  "extent": [
    1929270.593649292,
    6638403.03158691,
    1985528.2464593507,
    6728292.97683777
  ],
  "minZoom": 8,
  "maxZoom": 16
}