{
  "extent": [
    1929270.593649292,
    6638403.03158691,
    2003873.1332452393,
    6728292.97683777
  ],
  "minZoom": 8,
  "maxZoom": 16
}